Id,ActivityDate,TotalSteps,TotalDistance,TrackerDistance,LoggedActivitiesDistance,VeryActiveDistance,ModeratelyActiveDistance,LightActiveDistance,SedentaryActiveDistance,VeryActiveMinutes,FairlyActiveMinutes,LightlyActiveMinutes,SedentaryMinutes,Calories,TotalMinutesUsedperDay,SleepType,,,
1503960366,3/25/2016,11004,7.110000134,7.110000134,0,2.569999933,0.4600000083,4.070000172,0,33,12,205,804,1819,1054,Sleepless,,,
1503960366,3/26/2016,17609,11.55000019,11.55000019,0,6.920000076,0.7300000191,3.910000086,0,89,17,274,588,2154,968,Sleepless,,,
1503960366,3/27/2016,12736,8.529999733,8.529999733,0,4.659999847,0.1599999964,3.710000038,0,56,5,268,605,1944,934,Sleepless,,,
1503960366,3/28/2016,13231,8.930000305,8.930000305,0,3.190000057,0.7900000215,4.949999809,0,39,20,224,1080,1932,1363,Sleepless,,,
1503960366,3/29/2016,12041,7.849999905,7.849999905,0,2.160000086,1.090000033,4.610000134,0,28,28,243,763,1886,1062,Sleepless,,,
1503960366,3/30/2016,10970,7.159999847,7.159999847,0,2.359999895,0.5099999905,4.289999962,0,30,13,223,1174,1820,1440,Sleepless,,,
1503960366,3/31/2016,12256,7.860000134,7.860000134,0,2.289999962,0.4900000095,5.039999962,0,33,12,239,820,1889,1104,Sleepless,,,
1503960366,4/1/2016,12262,7.869999886,7.869999886,0,3.319999933,0.8299999833,3.640000105,0,47,21,200,866,1868,1134,Sleepless,,, 
1503960366,4/2/2016,11248,7.25,7.25,0,3,0.4499999881,3.74000001,0,40,11,244,636,1843,931,Sleepless,,,
1503960366,4/3/2016,10016,6.369999886,6.369999886,0,0.9100000262,1.279999971,4.179999828,0,15,30,314,655,1850,1014,Sleepless,,,
1503960366,4/4/2016,14557,9.800000191,9.800000191,0,3.390000105,0.6999999881,5.690000057,0,43,18,285,757,2030,1103,Sleepless,,,
1503960366,4/5/2016,14844,9.729999542,9.729999542,0,2.940000057,0.7599999905,6.039999962,0,36,18,341,736,2083,1131,Sleepless,,,
1503960366,4/6/2016,11974,7.670000076,7.670000076,0,2.039999962,0.4799999893,5.150000095,0,27,12,228,1173,1861,1440,Sleepless,,,
1503960366,4/7/2016,10198,6.440000057,6.440000057,0,1.200000048,0.7900000215,4.449999809,0,17,20,195,1208,1755,1440,Sleepless,,,
1503960366,4/8/2016,12521,7.940000057,7.940000057,0,3.309999943,0.8999999762,3.74000001,0,46,22,212,1160,1895,1440,Sleepless,,,
1503960366,4/9/2016,12432,8.100000381,8.100000381,0,2.589999914,0.5899999738,4.920000076,0,32,15,248,738,1883,1033,Sleepless,,,
1503960366,4/10/2016,10057,6.980000019,6.980000019,0,4,0.4900000095,2.480000019,0,44,13,168,737,1755,962,Sleepless,,,
1503960366,4/11/2016,10990,7.260000229,7.260000229,0,2.039999962,0.5699999928,4.650000095,0,26,14,216,855,1811,1111,Sleepless,,,
1503960366,4/12/2016,13162,8.5,8.5,0,1.879999995,0.5500000119,6.059999943,0,25,13,328,728,1985,1094,Sleepless,,,
1503960366,4/13/2016,10735,6.96999979,6.96999979,0,1.570000052,0.6899999976,4.710000038,0,21,19,217,776,1797,1033,Sleepless,,,
1503960366,4/14/2016,10460,6.739999771,6.739999771,0,2.440000057,0.400000006,3.910000086,0,30,11,181,1218,1776,1440,Sleepless,,,
1503960366,4/15/2016,9762,6.28000021,6.28000021,0,2.140000105,1.25999999,2.829999924,0,29,34,209,726,1745,998,Sleepless,,,
1503960366,4/16/2016,12669,8.159999847,8.159999847,0,2.710000038,0.4099999964,5.039999962,0,36,10,221,773,1863,1040,Sleepless,,,
1503960366,4/17/2016,9705,6.480000019,6.480000019,0,3.190000057,0.7799999714,2.50999999,0,38,20,164,539,1728,761,Sleepless,,,
1503960366,4/18/2016,13019,8.590000153,8.590000153,0,3.25,0.6399999857,4.710000038,0,42,16,233,1149,1921,1440,Sleepless,,,
1503960366,4/19/2016,15506,9.880000114,9.880000114,0,3.529999971,1.320000052,5.03000021,0,50,31,264,775,2035,1120,Sleepless,,,
1503960366,4/20/2016,10544,6.679999828,6.679999828,0,1.960000038,0.4799999893,4.239999771,0,28,12,205,818,1786,1063,Sleepless,,,
1503960366,4/21/2016,9819,6.340000153,6.340000153,0,1.340000033,0.349999994,4.650000095,0,19,8,211,838,1775,1076,Sleepless,,,
1503960366,4/22/2016,12764,8.130000114,8.130000114,0,4.760000229,1.120000005,2.24000001,0,66,27,130,1217,1827,1440,Sleepless,,,
1503960366,4/23/2016,14371,9.039999962,9.039999962,0,2.809999943,0.8700000048,5.360000134,0,41,21,262,732,1949,1056,Sleepless,,,
1503960366,4/24/2016,10039,6.409999847,6.409999847,0,2.920000076,0.2099999934,3.279999971,0,39,5,238,709,1788,991,Sleepless,,,
1503960366,4/25/2016,15355,9.800000191,9.800000191,0,5.289999962,0.5699999928,3.940000057,0,73,14,216,814,2013,1117,Sleepless,,,
1503960366,4/26/2016,13755,8.789999962,8.789999962,0,2.329999924,0.9200000167,5.539999962,0,31,23,279,833,1970,1166,Sleepless,,,
1503960366,4/27/2016,18134,12.21000004,12.21000004,0,6.400000095,0.4099999964,5.409999847,0,78,11,243,1108,2159,1440,Sleepless,,,
1503960366,4/28/2016,13154,8.529999733,8.529999733,0,3.539999962,1.159999967,3.789999962,0,48,28,189,782,1898,1047,Sleepless,,,
1503960366,4/29/2016,11181,7.150000095,7.150000095,0,1.059999943,0.5,5.579999924,0,16,12,243,815,1837,1086,Sleepless,,,
1503960366,4/30/2016,14673,9.25,9.25,0,3.559999943,1.419999957,4.269999981,0,52,34,217,712,1947,1015,Sleepless,,,
1503960366,5/1/2016,10602,6.809999943,6.809999943,0,2.289999962,1.600000024,2.920000076,0,33,35,246,730,1820,1044,Sleepless,,,
1503960366,5/2/2016,14727,9.710000038,9.710000038,0,3.210000038,0.5699999928,5.920000076,0,41,15,277,798,2004,1131,Sleepless,,,
1503960366,5/3/2016,15103,9.659999847,9.659999847,0,3.730000019,1.049999952,4.880000114,0,50,24,254,816,1990,1144,Sleepless,,,
1503960366,5/4/2016,11100,7.150000095,7.150000095,0,2.460000038,0.8700000048,3.819999933,0,36,22,203,1179,1819,1440,Sleepless,,,
1503960366,5/5/2016,14070,8.899999619,8.899999619,0,2.920000076,1.080000043,4.880000114,0,45,24,250,857,1959,1176,Sleepless,,,
1503960366,5/6/2016,12159,8.029999733,8.029999733,0,1.970000029,0.25,5.809999943,0,24,6,289,754,1896,1073,Sleepless,,,
1503960366,5/7/2016,11992,7.710000038,7.710000038,0,2.460000038,2.119999886,3.130000114,0,37,46,175,833,1821,1091,Sleepless,,,
1503960366,5/8/2016,10060,6.579999924,6.579999924,0,3.529999971,0.3199999928,2.730000019,0,44,8,203,574,1740,829,Sleepless,,,
1503960366,5/9/2016,12022,7.71999979,7.71999979,0,3.450000048,0.5299999714,3.74000001,0,46,11,206,835,1819,1098,Sleepless,,,
1503960366,5/10/2016,12207,7.769999981,7.769999981,0,3.349999905,1.159999967,3.25999999,0,46,31,214,746,1859,1037,Sleepless,,,
1503960366,5/11/2016,12770,8.130000114,8.130000114,0,2.559999943,1.00999999,4.550000191,0,36,23,251,669,1783,979,Sleepless,,,
1503960366,5/12/2016,0,0,0,0,0,0,0,0,0,0,0,1440,0,1440,Sleepless,,,
1624580081,3/25/2016,1810,1.179999948,1.179999948,0,0,0,1.129999995,0.009999999776,0,0,121,1319,1373,1440,Unclassified,,,
1624580081,3/26/2016,815,0.5299999714,0.5299999714,0,0,0,0.5299999714,0,0,0,47,1393,1264,1440,Unclassified,,,
1624580081,3/27/2016,1985,1.289999962,1.289999962,0,0,0,1.279999971,0.009999999776,0,0,112,1328,1350,1440,Unclassified,,,
1624580081,3/28/2016,1905,1.24000001,1.24000001,0,0,0,1.24000001,0,0,0,95,1345,1342,1440,Unclassified,,,
1624580081,3/29/2016,1552,1.00999999,1.00999999,0,0,0,1,0,0,0,66,1374,1300,1440,Unclassified,,,
1624580081,3/30/2016,1675,1.090000033,1.090000033,0,0,0,1.090000033,0,0,0,84,1356,1313,1440,Unclassified,,,
1624580081,3/31/2016,4506,2.930000067,2.930000067,0,0.5099999905,0.2700000107,2.150000095,0.009999999776,7,4,144,1285,1498,1440,Unclassified,,,
1624580081,4/1/2016,9218,5.989999771,5.989999771,0,0,0,5.96999979,0.009999999776,0,0,221,1219,1541,1440,Unclassified,,,
1624580081,4/2/2016,1556,1.00999999,1.00999999,0,0,0,1.00999999,0.009999999776,0,0,88,1352,1327,1440,Unclassified,,,
1624580081,4/3/2016,2910,1.889999986,1.889999986,0,0,0,1.879999995,0.009999999776,0,0,157,1283,1452,1440,Unclassified,,,
1624580081,4/4/2016,18464,12,12,0,0,0,12,0,0,0,270,1170,1574,1440,Unclassified,,,
1624580081,4/5/2016,1335,0.8700000048,0.8700000048,0,0,0,0.8700000048,0,0,0,74,1366,1308,1440,Unclassified,,,
1624580081,4/6/2016,1004,0.6499999762,0.6499999762,0,0,0,0.6499999762,0,0,0,55,1385,1276,1440,Unclassified,,,
1624580081,4/7/2016,1111,0.7200000286,0.7200000286,0,0,0,0.7200000286,0,0,0,54,1386,1278,1440,Unclassified,,,
1624580081,4/8/2016,6344,4.119999886,4.119999886,0,0,0,4.099999905,0,0,0,143,1297,1409,1440,Unclassified,,,
1624580081,4/9/2016,3572,2.319999933,2.319999933,0,0,0,2.289999962,0.02999999933,0,0,122,1318,1370,1440,Unclassified,,,
1624580081,4/10/2016,3910,2.539999962,2.539999962,0,0.4699999988,0.25,1.809999943,0.009999999776,7,7,186,1240,1555,1440,Unclassified,,,
1624580081,4/11/2016,10000,6.5,6.5,0,0,0,6.5,0,0,0,172,1268,1469,1440,Unclassified,,,
1624580081,4/12/2016,8163,5.309999943,5.309999943,0,0,0,5.309999943,0,0,0,146,1294,1432,1440,Unclassified,,,
1624580081,4/13/2016,7007,4.550000191,4.550000191,0,0,0,4.550000191,0,0,0,148,1292,1411,1440,Unclassified,,,
1624580081,4/14/2016,9107,5.920000076,5.920000076,0,0,0,5.909999847,0.009999999776,0,0,236,1204,1572,1440,Unclassified,,,
1624580081,4/15/2016,1510,0.9800000191,0.9800000191,0,0,0,0.9700000286,0,0,0,96,1344,1344,1440,Unclassified,,,
1624580081,4/16/2016,5370,3.49000001,3.49000001,0,0,0,3.49000001,0,0,0,176,1264,1463,1440,Unclassified,,,
1624580081,4/17/2016,6175,4.059999943,4.059999943,0,1.029999971,1.519999981,1.49000001,0.009999999776,15,22,127,1276,1554,1440,Unclassified,,,
1624580081,4/18/2016,10536,7.409999847,7.409999847,0,2.150000095,0.6200000048,4.619999886,0.009999999776,17,7,202,1214,1604,1440,Unclassified,,,
1624580081,4/19/2016,2916,1.899999976,1.899999976,0,0,0,1.899999976,0,0,0,141,1299,1435,1440,Unclassified,,,
1624580081,4/20/2016,4974,3.230000019,3.230000019,0,0,0,3.230000019,0,0,0,151,1289,1446,1440,Unclassified,,,
1624580081,4/21/2016,6349,4.130000114,4.130000114,0,0,0,4.110000134,0.01999999955,0,0,186,1254,1467,1440,Unclassified,,,
1624580081,4/22/2016,4026,2.619999886,2.619999886,0,0,0,2.599999905,0,0,0,199,1241,1470,1440,Unclassified,,,
1624580081,4/23/2016,8538,5.550000191,5.550000191,0,0,0,5.539999962,0.009999999776,0,0,227,1213,1562,1440,Unclassified,,,
1624580081,4/24/2016,6076,3.950000048,3.950000048,0,1.149999976,0.9100000262,1.889999986,0,16,18,185,1221,1617,1440,Unclassified,,,
1624580081,4/25/2016,6497,4.21999979,4.21999979,0,0,0,4.199999809,0.01999999955,0,0,202,1238,1492,1440,Unclassified,,,
1624580081,4/26/2016,2826,1.840000033,1.840000033,0,0,0,1.830000043,0.009999999776,0,0,140,1300,1402,1440,Unclassified,,,
1624580081,4/27/2016,8367,5.440000057,5.440000057,0,1.110000014,1.870000005,2.460000038,0,17,36,154,1233,1670,1440,Unclassified,,,
1624580081,4/28/2016,2759,1.789999962,1.789999962,0,0,0.200000003,1.600000024,0,0,5,115,1320,1401,1440,Unclassified,,,
1624580081,4/29/2016,2390,1.549999952,1.549999952,0,0,0,1.549999952,0,0,0,150,1290,1404,1440,Unclassified,,,
1624580081,4/30/2016,6474,4.300000191,4.300000191,0,0.8999999762,1.279999971,2.119999886,0.009999999776,11,23,224,1182,1655,1440,Unclassified,,,
1624580081,5/1/2016,36019,28.03000069,28.03000069,0,21.92000008,4.190000057,1.909999967,0.01999999955,186,63,171,1020,2690,1440,Unclassified,,,
1624580081,5/2/2016,7155,4.929999828,4.929999828,0,0.8600000143,0.5899999738,3.470000029,0,7,6,166,1261,1497,1440,Unclassified,,,
1624580081,5/3/2016,2100,1.370000005,1.370000005,0,0,0,1.340000033,0.01999999955,0,0,96,1344,1334,1440,Unclassified,,,
1624580081,5/4/2016,2193,1.429999948,1.429999948,0,0,0,1.419999957,0,0,0,118,1322,1368,1440,Unclassified,,,
1624580081,5/5/2016,2470,1.610000014,1.610000014,0,0,0,1.580000043,0.01999999955,0,0,117,1323,1370,1440,Unclassified,,,
1624580081,5/6/2016,1727,1.120000005,1.120000005,0,0,0,1.120000005,0.009999999776,0,0,102,1338,1341,1440,Unclassified,,,
1624580081,5/7/2016,2104,1.370000005,1.370000005,0,0,0,1.370000005,0,0,0,182,1258,1474,1440,Unclassified,,,
1624580081,5/8/2016,3427,2.230000019,2.230000019,0,0,0,2.220000029,0,0,0,152,1288,1427,1440,Unclassified,,,
1624580081,5/9/2016,1732,1.129999995,1.129999995,0,0,0,1.129999995,0,0,0,91,1349,1328,1440,Unclassified,,,
1624580081,5/10/2016,2969,1.929999948,1.929999948,0,0,0,1.919999957,0.009999999776,0,0,139,1301,1393,1440,Unclassified,,,
1624580081,5/11/2016,3134,2.039999962,2.039999962,0,0,0,2.039999962,0,0,0,112,1328,1359,1440,Unclassified,,,
1624580081,5/12/2016,2971,1.929999948,1.929999948,0,0,0,1.919999957,0.009999999776,0,0,107,890,1002,997,Unclassified,,,
1644430081,4/1/2016,4636,3.410000086,3.410000086,0,0,0.7799999714,2.599999905,0.02999999933,0,16,586,838,3323,1440,Unclassified,,,
1644430081,4/2/2016,20237,14.71000004,14.71000004,0,2.569999933,6.400000095,5.730000019,0.009999999776,34,141,347,918,4029,1440,Unclassified,,,
1644430081,4/3/2016,12912,9.409999847,9.409999847,0,4.829999924,0.7699999809,3.789999962,0.02999999933,59,16,283,1082,3436,1440,Unclassified,,,
1644430081,4/4/2016,2819,2.049999952,2.049999952,0,0.3100000024,0.1700000018,1.559999943,0.009999999776,4,4,87,1345,2444,1440,Unclassified,,,
1644430081,4/5/2016,9921,7.210000038,7.210000038,0,0.3400000036,1.519999981,5.360000134,0,5,35,219,1181,3098,1440,Unclassified,,,
1644430081,4/6/2016,8046,5.849999905,5.849999905,0,1.289999962,2.119999886,2.450000048,0,18,41,137,1244,2925,1440,Unclassified,,,
1644430081,4/7/2016,11166,8.119999886,8.119999886,0,0.2099999934,2.410000086,5.5,0,3,58,230,1149,3202,1440,Unclassified,,,
1644430081,4/8/2016,7842,5.699999809,5.699999809,0,0.4799999893,2.410000086,2.809999943,0,7,43,161,1229,2928,1440,Unclassified,,,
1644430081,4/9/2016,13840,10.06000042,10.06000042,0,1.309999943,3.720000029,5.03000021,0,18,81,192,1149,3290,1440,Unclassified,,,
1644430081,4/10/2016,1329,0.9700000286,0.9700000286,0,0,0,0.9700000286,0,0,0,35,207,489,242,Unclassified,,,
1644430081,4/12/2016,10694,7.769999981,7.769999981,0,0.1400000006,2.299999952,5.329999924,0,2,51,256,1131,3199,1440,Unclassified,,,
1644430081,4/13/2016,8001,5.820000172,5.820000172,0,2.279999971,0.8999999762,2.640000105,0,30,16,135,1259,2902,1440,Unclassified,,,
1644430081,4/14/2016,11037,8.020000458,8.020000458,0,0.3600000143,2.559999943,5.099999905,0,5,58,252,1125,3226,1440,Unclassified,,,
1644430081,4/15/2016,5263,3.829999924,3.829999924,0,0.2199999988,0.150000006,3.450000048,0,3,4,170,1263,2750,1440,Unclassified,,,
1644430081,4/16/2016,15300,11.11999989,11.11999989,0,4.099999905,1.879999995,5.090000153,0,51,42,212,1135,3493,1440,Unclassified,,,
1644430081,4/17/2016,8757,6.369999886,6.369999886,0,2.25,0.5699999928,3.549999952,0,29,13,186,1212,3011,1440,Unclassified,,,
1644430081,4/18/2016,7132,5.190000057,5.190000057,0,1.070000052,1.669999957,2.450000048,0,15,33,121,1271,2806,1440,Unclassified,,,
1644430081,4/19/2016,11256,8.180000305,8.180000305,0,0.3600000143,2.529999971,5.300000191,0,5,58,278,1099,3300,1440,Unclassified,,,
1644430081,4/20/2016,2436,1.769999981,1.769999981,0,0,0,1.75999999,0.009999999776,0,0,125,1315,2430,1440,Unclassified,,,
1644430081,4/21/2016,1223,0.8899999857,0.8899999857,0,0,0,0.8799999952,0.009999999776,0,0,38,1402,2140,1440,Unclassified,,,
1644430081,4/22/2016,3673,2.670000076,2.670000076,0,0,0,2.660000086,0.009999999776,0,0,86,1354,2344,1440,Unclassified,,,
1644430081,4/23/2016,6637,4.829999924,4.829999924,0,0,0.5799999833,4.25,0,0,15,160,1265,2677,1440,Unclassified,,,
1644430081,4/24/2016,3321,2.410000086,2.410000086,0,0,0,2.410000086,0,0,0,89,1351,2413,1440,Unclassified,,,
1644430081,4/25/2016,3580,2.599999905,2.599999905,0,0.5899999738,0.05999999866,1.950000048,0,8,1,94,1337,2497,1440,Unclassified,,,
1644430081,4/26/2016,9919,7.210000038,7.210000038,0,0.8000000119,1.720000029,4.690000057,0,11,41,223,1165,3123,1440,Unclassified,,,
1644430081,4/27/2016,3032,2.200000048,2.200000048,0,0,0,2.200000048,0,0,0,118,1322,2489,1440,Unclassified,,,
1644430081,4/28/2016,9405,6.840000153,6.840000153,0,0.200000003,2.319999933,4.309999943,0,3,53,227,1157,3108,1440,Unclassified,,,
1644430081,4/29/2016,3176,2.309999943,2.309999943,0,0,0,2.309999943,0,0,0,120,1193,2498,1313,Unclassified,,,
1644430081,4/30/2016,18213,13.23999977,13.23999977,0,0.6299999952,3.140000105,9.460000038,0,9,71,402,816,3846,1298,Unclassified,,,
1644430081,5/1/2016,6132,4.460000038,4.460000038,0,0.2399999946,0.9900000095,3.230000019,0,3,24,146,908,2696,1081,Unclassified,,,
1644430081,5/2/2016,3758,2.730000019,2.730000019,0,0.0700000003,0.3100000024,2.349999905,0,1,7,148,682,2580,838,Unclassified,,,
1644430081,5/3/2016,12850,9.340000153,9.340000153,0,0.7200000286,4.090000153,4.539999962,0,10,94,221,1115,3324,1440,Unclassified,,,
1644430081,5/4/2016,2309,1.679999948,1.679999948,0,0,0,1.659999967,0.01999999955,0,0,52,1388,2222,1440,Unclassified,,,
1644430081,5/5/2016,4363,3.190000057,3.190000057,0,0.5199999809,0.5400000215,2.130000114,0.009999999776,6,12,81,1341,2463,1440,Unclassified,,,
1644430081,5/6/2016,9787,7.119999886,7.119999886,0,0.8199999928,0.2700000107,6.010000229,0.01999999955,11,6,369,1054,3328,1440,Unclassified,,,
1644430081,5/7/2016,13372,9.720000267,9.720000267,0,3.25999999,0.7900000215,5.670000076,0.009999999776,41,17,243,1139,3404,1440,Unclassified,,,
1644430081,5/8/2016,6724,4.889999866,4.889999866,0,0,0,4.880000114,0,0,0,295,991,2987,1286,Unclassified,,,
1644430081,5/9/2016,6643,4.829999924,4.829999924,0,2.390000105,0.349999994,2.089999914,0.009999999776,32,6,303,1099,3008,1440,Unclassified,,,
1644430081,5/10/2016,9167,6.659999847,6.659999847,0,0.8799999952,0.8100000024,4.96999979,0.009999999776,12,19,155,1254,2799,1440,Unclassified,,,
1644430081,5/11/2016,1329,0.9700000286,0.9700000286,0,0,0,0.9499999881,0.009999999776,0,0,49,713,1276,762,Unclassified,,,
1844505072,4/1/2016,6847,4.53000021,4.53000021,0,0.6100000143,0.3700000048,3.549999952,0,9,9,251,1171,1969,1440,Unclassified,,,
1844505072,4/2/2016,5367,3.549999952,3.549999952,0,0,0,3.549999952,0,0,0,263,1177,1889,1440,Unclassified,,,
1844505072,4/3/2016,2841,1.879999995,1.879999995,0,0,0,1.879999995,0,0,0,136,1114,1636,1250,Unclassified,,,
1844505072,4/4/2016,0,0,0,0,0,0,0,0,0,0,0,669,1347,669,Unclassified,,,
1844505072,4/5/2016,0,0,0,0,0,0,0,0,0,0,0,1440,1347,1440,Unclassified,,,
1844505072,4/6/2016,7,0,0,0,0,0,0,0,0,0,1,1439,1349,1440,Unclassified,,,
1844505072,4/7/2016,6344,4.190000057,4.190000057,0,0,0,4.190000057,0,0,0,290,1150,1965,1440,Unclassified,,,
1844505072,4/8/2016,5316,3.50999999,3.50999999,0,0,0,3.50999999,0,0,0,221,1219,1824,1440,Unclassified,,,
1844505072,4/9/2016,4979,3.289999962,3.289999962,0,0,0,3.289999962,0,0,0,184,620,1807,804,Unclassified,,,
1844505072,4/10/2016,6556,4.340000153,4.340000153,0,0,0,4.329999924,0,0,0,305,810,1971,1115,Unclassified,,,
1844505072,4/11/2016,5430,3.589999914,3.589999914,0,0,0,3.589999914,0,0,0,251,1189,1888,1440,Unclassified,,,
1844505072,4/12/2016,6697,4.429999828,4.429999828,0,0,0,4.429999828,0,0,0,339,1101,2030,1440,Unclassified,,,
1844505072,4/13/2016,4929,3.25999999,3.25999999,0,0,0,3.25999999,0,0,0,248,1192,1860,1440,Unclassified,,,
1844505072,4/14/2016,7937,5.25,5.25,0,0,0,5.230000019,0,0,0,373,843,2130,1216,Unclassified,,,
1844505072,4/15/2016,3844,2.539999962,2.539999962,0,0,0,2.539999962,0,0,0,176,527,1725,703,Unclassified,,,
1844505072,4/16/2016,3414,2.25999999,2.25999999,0,0,0,2.25999999,0,0,0,147,1293,1657,1440,Unclassified,,,
1844505072,4/17/2016,4525,2.99000001,2.99000001,0,0.1400000006,0.2599999905,2.589999914,0,2,8,199,1231,1793,1440,Unclassified,,,
1844505072,4/18/2016,4597,3.039999962,3.039999962,0,0,0.4799999893,2.559999943,0,0,12,217,1211,1814,1440,Unclassified,,,
1844505072,4/19/2016,197,0.1299999952,0.1299999952,0,0,0,0.1299999952,0,0,0,10,1430,1366,1440,Unclassified,,,
1844505072,4/20/2016,8,0.009999999776,0.009999999776,0,0,0,0.009999999776,0,0,0,1,1439,1349,1440,Unclassified,,,
1844505072,4/21/2016,8054,5.320000172,5.320000172,0,0.1199999973,0.5199999809,4.679999828,0,2,13,308,1117,2062,1440,Unclassified,,,
1844505072,4/22/2016,5372,3.549999952,3.549999952,0,0,0,3.549999952,0,0,0,220,1220,1827,1440,Unclassified,,,
1844505072,4/23/2016,3570,2.359999895,2.359999895,0,0,0,2.359999895,0,0,0,139,1301,1645,1440,Unclassified,,,
1844505072,4/24/2016,0,0,0,0,0,0,0,0,0,0,0,1440,1347,1440,Unclassified,,,
1844505072,4/25/2016,0,0,0,0,0,0,0,0,0,0,0,1440,1347,1440,Unclassified,,,
1844505072,4/26/2016,0,0,0,0,0,0,0,0,0,0,0,1440,1347,1440,Unclassified,,,
1844505072,4/27/2016,4,0,0,0,0,0,0,0,0,0,1,1439,1348,1440,Unclassified,,,
1844505072,4/28/2016,6907,4.570000172,4.570000172,0,0,0,4.559999943,0,0,0,302,1138,1992,1440,Unclassified,,,
1844505072,4/29/2016,4920,3.25,3.25,0,0,0,3.25,0,0,0,247,1082,1856,1329,Unclassified,,,
1844505072,4/30/2016,4014,2.670000076,2.670000076,0,0,0,2.650000095,0,0,0,184,218,1763,402,Unclassified,,,
1844505072,5/1/2016,2573,1.700000048,1.700000048,0,0,0.2599999905,1.450000048,0,0,7,75,585,1541,667,Unclassified,,,
1844505072,5/2/2016,0,0,0,0,0,0,0,0,0,0,0,1440,1348,1440,Unclassified,,,
1844505072,5/3/2016,4059,2.680000067,2.680000067,0,0,0,2.680000067,0,0,0,184,1256,1742,1440,Unclassified,,,
1844505072,5/4/2016,2080,1.370000005,1.370000005,0,0,0,1.370000005,0,0,0,87,1353,1549,1440,Unclassified,,,
1844505072,5/5/2016,2237,1.480000019,1.480000019,0,0,0,1.480000019,0,0,0,120,1320,1589,1440,Unclassified,,,
1844505072,5/6/2016,44,0.02999999933,0.02999999933,0,0,0,0.02999999933,0,0,0,2,1438,1351,1440,Unclassified,,,
1844505072,5/7/2016,0,0,0,0,0,0,0,0,0,0,0,1440,1347,1440,Unclassified,,,
1844505072,5/8/2016,0,0,0,0,0,0,0,0,0,0,0,1440,1347,1440,Unclassified,,,
1844505072,5/9/2016,0,0,0,0,0,0,0,0,0,0,0,1440,1347,1440,Unclassified,,,
1844505072,5/10/2016,0,0,0,0,0,0,0,0,0,0,0,1440,1347,1440,Unclassified,,,
1844505072,5/11/2016,0,0,0,0,0,0,0,0,0,0,0,1440,1347,1440,Unclassified,,,
1844505072,5/12/2016,0,0,0,0,0,0,0,0,0,0,0,711,665,711,Unclassified,,,
1927972279,4/1/2016,4317,2.99000001,2.99000001,0,0,0.3700000048,2.619999886,0,0,11,192,854,2590,1057,Sleepless,,,
1927972279,4/2/2016,5662,3.920000076,3.920000076,0,0,0,3.920000076,0,0,0,267,858,2783,1125,Sleepless,,,
1927972279,4/3/2016,3198,2.210000038,2.210000038,0,0,0,2.210000038,0,0,0,146,1183,2449,1329,Sleepless,,,
1927972279,4/4/2016,2352,1.629999995,1.629999995,0,0,0,1.629999995,0,0,0,128,829,2380,957,Sleepless,,,
1927972279,4/5/2016,2234,1.549999952,1.549999952,0,0,0,1.549999952,0,0,0,108,912,2344,1020,Sleepless,,,
1927972279,4/6/2016,1259,0.8700000048,0.8700000048,0,0,0,0.8700000048,0,0,0,73,938,2202,1011,Sleepless,,,
1927972279,4/7/2016,768,0.5299999714,0.5299999714,0,0,0,0.5299999714,0,0,0,43,1397,2130,1440,Sleepless,,,
1927972279,4/8/2016,519,0.3600000143,0.3600000143,0,0,0,0.3600000143,0,0,0,34,1406,2088,1440,Sleepless,,,
1927972279,4/9/2016,2523,1.75,1.75,0,0,0.3700000048,1.379999995,0,0,9,134,1250,2443,1393,Sleepless,,,
1927972279,4/10/2016,2105,1.460000038,1.460000038,0,0,0,1.460000038,0,0,0,139,805,2442,944,Sleepless,,,
1927972279,4/11/2016,1209,0.8399999738,0.8399999738,0,0,0,0.8399999738,0,0,0,73,842,2255,915,Sleepless,,,
1927972279,4/12/2016,678,0.4699999988,0.4699999988,0,0,0,0.4699999988,0,0,0,55,734,2220,789,Sleepless,,,
1927972279,4/13/2016,356,0.25,0.25,0,0,0,0.25,0,0,0,32,986,2151,1018,Sleepless,,,
1927972279,4/14/2016,2163,1.5,1.5,0,0,0.400000006,1.100000024,0,0,9,88,1292,2383,1389,Sleepless,,,
1927972279,4/15/2016,980,0.6800000072,0.6800000072,0,0,0,0.6800000072,0,0,0,51,941,2221,992,Sleepless,,,
1927972279,4/16/2016,0,0,0,0,0,0,0,0,0,0,0,1440,2064,1440,Sleepless,,,
1927972279,4/17/2016,0,0,0,0,0,0,0,0,0,0,0,1440,2063,1440,Sleepless,,,
1927972279,4/18/2016,244,0.1700000018,0.1700000018,0,0,0,0.1700000018,0,0,0,17,1423,2111,1440,Sleepless,,,
1927972279,4/19/2016,0,0,0,0,0,0,0,0,0,0,0,1440,2063,1440,Sleepless,,,
1927972279,4/20/2016,0,0,0,0,0,0,0,0,0,0,0,1440,2063,1440,Sleepless,,,
1927972279,4/21/2016,0,0,0,0,0,0,0,0,0,0,0,1440,2064,1440,Sleepless,,,
1927972279,4/22/2016,149,0.1000000015,0.1000000015,0,0,0,0.1000000015,0,0,0,10,1430,2093,1440,Sleepless,,,
1927972279,4/23/2016,2945,2.039999962,2.039999962,0,0,0,2.039999962,0,0,0,145,1295,2499,1440,Sleepless,,,
1927972279,4/24/2016,2090,1.450000048,1.450000048,0,0.0700000003,0.2399999946,1.139999986,0,1,6,75,1358,2324,1440,Sleepless,,,
1927972279,4/25/2016,152,0.1099999994,0.1099999994,0,0,0,0.1099999994,0,0,0,12,1303,2100,1315,Sleepless,,,
1927972279,4/26/2016,3761,2.599999905,2.599999905,0,0,0,2.599999905,0,0,0,192,1058,2638,1250,Sleepless,,,
1927972279,4/27/2016,0,0,0,0,0,0,0,0,0,0,0,1440,2063,1440,Sleepless,,,
1927972279,4/28/2016,1675,1.159999967,1.159999967,0,0,0,1.159999967,0,0,0,95,1167,2351,1262,Sleepless,,,
1927972279,4/29/2016,0,0,0,0,0,0,0,0,0,0,0,1440,2063,1440,Sleepless,,,
1927972279,4/30/2016,0,0,0,0,0,0,0,0,0,0,0,1440,2064,1440,Sleepless,,,
1927972279,5/1/2016,2704,1.870000005,1.870000005,0,1.00999999,0.02999999933,0.8299999833,0,14,1,70,1355,2411,1440,Sleepless,,,
1927972279,5/2/2016,3790,2.619999886,2.619999886,0,1.159999967,0.3000000119,1.159999967,0,16,8,94,1322,2505,1440,Sleepless,,,
1927972279,5/3/2016,1326,0.9200000167,0.9200000167,0,0.7300000191,0,0.1800000072,0,10,0,17,1413,2195,1440,Sleepless,,,
1927972279,5/4/2016,1786,1.24000001,1.24000001,0,0,0,1.24000001,0,0,0,87,1353,2338,1440,Sleepless,,,
1927972279,5/5/2016,0,0,0,0,0,0,0,0,0,0,0,1440,2063,1440,Sleepless,,,
1927972279,5/6/2016,2091,1.450000048,1.450000048,0,0,0,1.450000048,0,0,0,108,1332,2383,1440,Sleepless,,,
1927972279,5/7/2016,1510,1.039999962,1.039999962,0,0,0,1.039999962,0,0,0,48,1392,2229,1440,Sleepless,,,
1927972279,5/8/2016,0,0,0,0,0,0,0,0,0,0,0,1440,2063,1440,Sleepless,,,
1927972279,5/9/2016,0,0,0,0,0,0,0,0,0,0,0,1440,2063,1440,Sleepless,,,
1927972279,5/10/2016,0,0,0,0,0,0,0,0,0,0,0,1440,2063,1440,Sleepless,,,
1927972279,5/11/2016,0,0,0,0,0,0,0,0,0,0,0,1440,2063,1440,Sleepless,,,
1927972279,5/12/2016,0,0,0,0,0,0,0,0,0,0,0,966,1383,966,Sleepless,,,
2022484408,4/1/2016,13603,9.600000381,9.600000381,0,5.460000038,0.6299999952,3.50999999,0,72,16,213,1139,2645,1440,Unclassified,,,
2022484408,4/2/2016,5477,3.839999914,3.839999914,0,0,0,3.839999914,0,0,0,237,1203,2040,1440,Unclassified,,,
2022484408,4/3/2016,11144,7.820000172,7.820000172,0,1.789999962,0.8899999857,5.139999866,0,25,22,279,1114,2395,1440,Unclassified,,,
2022484408,4/4/2016,15313,11,11,0,5.019999981,1.289999962,4.690000057,0,62,19,233,1126,2581,1440,Unclassified,,,
2022484408,4/5/2016,10805,7.590000153,7.590000153,0,0.7200000286,0.9800000191,5.889999866,0,36,37,298,1069,2735,1440,Unclassified,,,
2022484408,4/6/2016,15392,10.93000031,10.93000031,0,3.430000067,1.75,5.75,0,47,42,258,1093,2733,1440,Unclassified,,,
2022484408,4/7/2016,18247,13.82999992,13.82999992,0,7.110000134,2.210000038,4.510000229,0,72,62,252,1054,3021,1440,Unclassified,,,
2022484408,4/8/2016,13023,9.260000229,9.260000229,0,3.230000019,0.5600000024,5.46999979,0,40,12,296,1092,2577,1440,Unclassified,,,
2022484408,4/9/2016,16267,12.59000015,12.59000015,0,5.75,0.4699999988,6.369999886,0,44,16,302,1078,2811,1440,Unclassified,,,
2022484408,4/10/2016,10005,7.019999981,7.019999981,0,0.07999999821,1.049999952,5.900000095,0,1,23,339,1077,2458,1440,Unclassified,,,
2022484408,4/11/2016,10106,7.090000153,7.090000153,0,1.210000038,0.5600000024,5.329999924,0,41,16,272,1111,2568,1440,Unclassified,,,
2022484408,4/12/2016,11875,8.340000153,8.340000153,0,3.309999943,0.7699999809,4.260000229,0,42,14,227,1157,2390,1440,Unclassified,,,
2022484408,4/13/2016,12024,8.5,8.5,0,2.99000001,0.1000000015,5.409999847,0,43,5,292,1100,2601,1440,Unclassified,,,
2022484408,4/14/2016,10690,7.5,7.5,0,2.480000019,0.2099999934,4.820000172,0,32,3,257,1148,2312,1440,Unclassified,,,
2022484408,4/15/2016,11034,8.029999733,8.029999733,0,1.940000057,0.3100000024,5.78000021,0,27,9,282,1122,2525,1440,Unclassified,,,
2022484408,4/16/2016,10100,7.090000153,7.090000153,0,3.150000095,0.5500000119,3.390000105,0,41,11,151,1237,2177,1440,Unclassified,,,
2022484408,4/17/2016,15112,11.39999962,11.39999962,0,3.869999886,0.6600000262,6.880000114,0,28,29,331,1052,2782,1440,Unclassified,,,
2022484408,4/18/2016,14131,10.06999969,10.06999969,0,3.640000105,0.1199999973,6.300000191,0,48,3,311,1078,2770,1440,Unclassified,,,
2022484408,4/19/2016,11548,8.529999733,8.529999733,0,3.289999962,0.2399999946,5,0,31,7,250,1152,2489,1440,Unclassified,,,
2022484408,4/20/2016,15112,10.67000008,10.67000008,0,3.339999914,1.929999948,5.400000095,0,48,63,276,1053,2897,1440,Unclassified,,,
2022484408,4/21/2016,12453,8.739999771,8.739999771,0,3.329999924,1.110000014,4.309999943,0,104,53,255,1028,3158,1440,Unclassified,,,
2022484408,4/22/2016,12954,9.329999924,9.329999924,0,4.429999828,0.4199999869,4.46999979,0,52,10,273,1105,2638,1440,Unclassified,,,
2022484408,4/23/2016,6001,4.210000038,4.210000038,0,0,0,4.210000038,0,0,0,249,1191,2069,1440,Unclassified,,,
2022484408,4/24/2016,13481,10.27999973,10.27999973,0,4.550000191,1.149999976,4.579999924,0,37,26,216,1161,2529,1440,Unclassified,,,
2022484408,4/25/2016,11369,8.010000229,8.010000229,0,3.329999924,0.2199999988,4.460000038,0,44,8,217,1171,2470,1440,Unclassified,,,
2022484408,4/26/2016,10119,7.190000057,7.190000057,0,1.429999948,0.6600000262,5.110000134,0,55,24,275,1086,2793,1440,Unclassified,,,
2022484408,4/27/2016,10159,7.130000114,7.130000114,0,1.039999962,0.9700000286,5.119999886,0,19,20,282,1119,2463,1440,Unclassified,,,
2022484408,4/28/2016,10140,7.119999886,7.119999886,0,0.4099999964,1.330000043,5.389999866,0,6,20,291,1123,2296,1440,Unclassified,,,
2022484408,4/29/2016,10245,7.190000057,7.190000057,0,0.4799999893,1.210000038,5.5,0,21,40,281,1098,2611,1440,Unclassified,,,
2022484408,4/30/2016,18387,12.90999985,12.90999985,0,0.9399999976,1.399999976,10.56999969,0,13,23,361,1043,2732,1440,Unclassified,,,
2022484408,5/1/2016,10538,7.400000095,7.400000095,0,1.940000057,0.9599999785,4.5,0,25,28,245,1142,2380,1440,Unclassified,,,
2022484408,5/2/2016,10379,7.289999962,7.289999962,0,2.609999895,0.3400000036,4.329999924,0,36,8,277,1119,2473,1440,Unclassified,,,
2022484408,5/3/2016,12183,8.739999771,8.739999771,0,3.99000001,0.4600000083,4.28000021,0,72,14,250,1104,2752,1440,Unclassified,,,
2022484408,5/4/2016,11768,8.289999962,8.289999962,0,2.50999999,0.9300000072,4.849999905,0,36,27,272,1105,2649,1440,Unclassified,,,
2022484408,5/5/2016,11895,8.350000381,8.350000381,0,2.789999962,0.8600000143,4.699999809,0,55,20,253,1112,2609,1440,Unclassified,,,
2022484408,5/6/2016,10227,7.179999828,7.179999828,0,1.870000005,0.6700000167,4.639999866,0,24,17,295,1104,2498,1440,Unclassified,,,
2022484408,5/7/2016,6708,4.710000038,4.710000038,0,1.610000014,0.07999999821,3.019999981,0,20,2,149,1269,1995,1440,Unclassified,,,
2022484408,5/8/2016,3292,2.309999943,2.309999943,0,0,0,2.309999943,0,0,0,135,1305,1848,1440,Unclassified,,,
2022484408,5/9/2016,13379,9.390000343,9.390000343,0,2.119999886,1.629999995,5.639999866,0,35,47,297,1061,2709,1440,Unclassified,,,
2022484408,5/10/2016,12798,8.979999542,8.979999542,0,2.220000029,1.210000038,5.559999943,0,57,28,271,1084,2797,1440,Unclassified,,,
2022484408,5/11/2016,13272,9.319999695,9.319999695,0,4.179999828,1.149999976,3.99000001,0,58,25,224,1133,2544,1440,Unclassified,,,
2022484408,5/12/2016,9117,6.409999847,6.409999847,0,1.279999971,0.6700000167,4.440000057,0,16,16,236,728,1853,996,Unclassified,,,
2026352035,4/1/2016,2605,1.620000005,1.620000005,0,0,0,1.620000005,0,0,0,166,729,1407,895,Oversleep,,,
2026352035,4/2/2016,1229,0.7599999905,0.7599999905,0,0,0,0.7599999905,0,0,0,69,795,1237,864,Oversleep,,,
2026352035,4/3/2016,2308,1.429999948,1.429999948,0,0,0,1.429999948,0,0,0,115,720,1330,835,Oversleep,,,
2026352035,4/4/2016,6679,4.139999866,4.139999866,0,0,0,4.139999866,0,0,0,263,644,1583,907,Oversleep,,,
2026352035,4/5/2016,5645,3.5,3.5,0,0,0,3.5,0,0,0,248,621,1538,869,Oversleep,,,
2026352035,4/6/2016,3180,1.970000029,1.970000029,0,0,0,1.970000029,0,0,0,185,738,1421,923,Oversleep,,,
2026352035,4/7/2016,2767,1.720000029,1.720000029,0,0,0,1.720000029,0,0,0,170,673,1392,843,Oversleep,,,
2026352035,4/8/2016,3762,2.329999924,2.329999924,0,0,0,2.329999924,0,0,0,173,719,1425,892,Oversleep,,,
2026352035,4/9/2016,3098,1.919999957,1.919999957,0,0,0,1.919999957,0,0,0,185,700,1413,885,Oversleep,,,
2026352035,4/10/2016,5142,3.190000057,3.190000057,0,0,0,3.190000057,0,0,0,230,654,1515,884,Oversleep,,,
2026352035,4/11/2016,3279,2.029999971,2.029999971,0,0,0,2.029999971,0,0,0,164,694,1405,858,Oversleep,,,
2026352035,4/12/2016,4414,2.74000001,2.74000001,0,0.1899999976,0.349999994,2.200000048,0,3,8,181,706,1459,898,Oversleep,,,
2026352035,4/13/2016,4993,3.099999905,3.099999905,0,0,0,3.099999905,0,0,0,238,663,1521,901,Oversleep,,,
2026352035,4/14/2016,3335,2.069999933,2.069999933,0,0,0,2.049999952,0,0,0,197,653,1431,850,Oversleep,,,
2026352035,4/15/2016,3821,2.369999886,2.369999886,0,0,0,2.369999886,0,0,0,188,687,1444,875,Oversleep,,,
2026352035,4/16/2016,2547,1.580000043,1.580000043,0,0,0,1.580000043,0,0,0,150,728,1373,878,Oversleep,,,
2026352035,4/17/2016,838,0.5199999809,0.5199999809,0,0,0,0.5199999809,0,0,0,60,1053,1214,1113,Oversleep,,,
2026352035,4/18/2016,3325,2.059999943,2.059999943,0,0,0,2.059999943,0,0,0,182,1062,1419,1244,Oversleep,,,
2026352035,4/19/2016,2424,1.5,1.5,0,0,0,1.5,0,0,0,141,785,1356,926,Oversleep,,,
2026352035,4/20/2016,7222,4.480000019,4.480000019,0,0,0,4.480000019,0,0,0,327,623,1667,950,Oversleep,,,
2026352035,4/21/2016,2467,1.529999971,1.529999971,0,0,0,1.529999971,0,0,0,153,749,1370,902,Oversleep,,,
2026352035,4/22/2016,2915,1.809999943,1.809999943,0,0,0,1.809999943,0,0,0,162,712,1399,874,Oversleep,,,
2026352035,4/23/2016,12357,7.710000038,7.710000038,0,0,0,7.710000038,0,0,0,432,458,1916,890,Oversleep,,,
2026352035,4/24/2016,3490,2.160000086,2.160000086,0,0,0,2.160000086,0,0,0,164,704,1401,868,Oversleep,,,
2026352035,4/25/2016,6017,3.730000019,3.730000019,0,0,0,3.730000019,0,0,0,260,821,1576,1081,Oversleep,,,
2026352035,4/26/2016,5933,3.680000067,3.680000067,0,0,0,3.680000067,0,0,0,288,1018,1595,1306,Oversleep,,,
2026352035,4/27/2016,6088,3.769999981,3.769999981,0,0,0,3.769999981,0,0,0,286,586,1593,872,Oversleep,,,
2026352035,4/28/2016,6375,3.950000048,3.950000048,0,0,0,3.950000048,0,0,0,331,626,1649,957,Oversleep,,,
2026352035,4/29/2016,7604,4.710000038,4.710000038,0,0,0,4.710000038,0,0,0,352,492,1692,844,Oversleep,,,
2026352035,4/30/2016,4729,2.930000067,2.930000067,0,0,0,2.930000067,0,0,0,233,594,1506,827,Oversleep,,,
2026352035,5/1/2016,3609,2.279999971,2.279999971,0,0,0,2.279999971,0,0,0,191,716,1447,907,Oversleep,,,
2026352035,5/2/2016,7018,4.349999905,4.349999905,0,0,0,4.349999905,0,0,0,355,716,1690,1071,Oversleep,,,
2026352035,5/3/2016,5992,3.720000029,3.720000029,0,0,0,3.720000029,0,0,0,304,981,1604,1285,Oversleep,,,
2026352035,5/4/2016,6564,4.070000172,4.070000172,0,0,0,4.070000172,0,0,0,345,530,1658,875,Oversleep,,,
2026352035,5/5/2016,12167,7.539999962,7.539999962,0,0,0,7.539999962,0,0,0,475,479,1926,954,Oversleep,,,
2026352035,5/6/2016,8198,5.079999924,5.079999924,0,0,0,5.079999924,0,0,0,383,511,1736,894,Oversleep,,,
2026352035,5/7/2016,4193,2.599999905,2.599999905,0,0,0,2.599999905,0,0,0,229,665,1491,894,Oversleep,,,
2026352035,5/8/2016,5528,3.450000048,3.450000048,0,0,0,3.450000048,0,0,0,258,610,1555,868,Oversleep,,,
2026352035,5/9/2016,10685,6.619999886,6.619999886,0,0,0,6.599999905,0,0,0,401,543,1869,944,Oversleep,,,
2026352035,5/10/2016,254,0.1599999964,0.1599999964,0,0,0,0.1599999964,0,0,0,17,1002,1141,1019,Oversleep,,,
2026352035,5/11/2016,8580,5.320000172,5.320000172,0,0,0,5.320000172,0,0,0,330,569,1698,899,Oversleep,,,
2026352035,5/12/2016,8891,5.510000229,5.510000229,0,0,0,5.510000229,0,0,0,343,330,1364,673,Oversleep,,,
2320127002,4/1/2016,0,0,0,0,0,0,0,0,0,0,0,1440,1324,1440,Unclassified,,,
2320127002,4/2/2016,0,0,0,0,0,0,0,0,0,0,0,1440,1324,1440,Unclassified,,,
2320127002,4/3/2016,0,0,0,0,0,0,0,0,0,0,0,1440,1324,1440,Unclassified,,,
2320127002,4/4/2016,0,0,0,0,0,0,0,0,0,0,0,1440,1324,1440,Unclassified,,,
2320127002,4/5/2016,4931,3.319999933,3.319999933,0,0,0,3.319999933,0,0,0,175,1265,1708,1440,Unclassified,,,
2320127002,4/6/2016,6999,4.71999979,4.71999979,0,0,0,4.71999979,0,0,0,320,1120,1950,1440,Unclassified,,,
2320127002,4/7/2016,1846,1.24000001,1.24000001,0,0,0,1.24000001,0,0,0,93,1347,1508,1440,Unclassified,,,
2320127002,4/8/2016,3417,2.299999952,2.299999952,0,0,0,2.299999952,0,0,0,153,1287,1625,1440,Unclassified,,,
2320127002,4/9/2016,4863,3.279999971,3.279999971,0,0.05999999866,0.4199999869,2.799999952,0,1,11,208,1220,1772,1440,Unclassified,,,
2320127002,4/10/2016,2277,1.529999971,1.529999971,0,0,0,1.529999971,0,0,0,103,1337,1530,1440,Unclassified,,,
2320127002,4/11/2016,11230,7.670000076,7.670000076,0,0.8899999857,0.1199999973,6.659999847,0,10,2,390,1038,2206,1440,Unclassified,,,
2320127002,4/12/2016,10725,7.489999771,7.489999771,0,1.169999957,0.3100000024,6.010000229,0,13,9,306,1112,2124,1440,Unclassified,,,
2320127002,4/13/2016,7275,4.900000095,4.900000095,0,0,0,4.900000095,0,0,0,335,1105,2003,1440,Unclassified,,,
2320127002,4/14/2016,3973,2.680000067,2.680000067,0,0,0,2.680000067,0,0,0,191,1249,1696,1440,Unclassified,,,
2320127002,4/15/2016,5205,3.50999999,3.50999999,0,0,0,3.50999999,0,0,0,245,1195,1801,1440,Unclassified,,,
2320127002,4/16/2016,5057,3.410000086,3.410000086,0,0,0,3.400000095,0,0,0,195,1245,1724,1440,Unclassified,,,
2320127002,4/17/2016,6198,4.179999828,4.179999828,0,0,0,4.179999828,0,0,0,249,1191,1852,1440,Unclassified,,,
2320127002,4/18/2016,6559,4.420000076,4.420000076,0,0,0.2599999905,4.139999866,0,0,7,260,1173,1905,1440,Unclassified,,,
2320127002,4/19/2016,5997,4.039999962,4.039999962,0,0,0.3799999952,3.660000086,0,0,11,228,1201,1811,1440,Unclassified,,,
2320127002,4/20/2016,7192,4.849999905,4.849999905,0,0,0.4900000095,4.340000153,0,0,11,283,1146,1922,1440,Unclassified,,,
2320127002,4/21/2016,3404,2.289999962,2.289999962,0,0.05999999866,0.4199999869,1.809999943,0,1,10,127,1302,1610,1440,Unclassified,,,
2320127002,4/22/2016,5583,3.75999999,3.75999999,0,0,0,3.75999999,0,0,0,266,1174,1851,1440,Unclassified,,,
2320127002,4/23/2016,5079,3.420000076,3.420000076,0,0,0,3.420000076,0,0,0,242,1129,1804,1371,Unclassified,,,
2320127002,4/24/2016,4165,2.809999943,2.809999943,0,0,0,2.799999952,0,0,0,204,1236,1725,1440,Unclassified,,,
2320127002,4/25/2016,3588,2.420000076,2.420000076,0,0.2300000042,0.200000003,1.99000001,0,3,5,152,1280,1654,1440,Unclassified,,,
2320127002,4/26/2016,3409,2.299999952,2.299999952,0,0,0,2.299999952,0,0,0,147,1293,1632,1440,Unclassified,,,
2320127002,4/27/2016,1715,1.159999967,1.159999967,0,0,0,1.159999967,0,0,0,82,1358,1481,1440,Unclassified,,,
2320127002,4/28/2016,1532,1.029999971,1.029999971,0,0,0,1.029999971,0,0,0,76,1364,1473,1440,Unclassified,,,
2320127002,4/29/2016,924,0.6200000048,0.6200000048,0,0,0,0.6200000048,0,0,0,45,1395,1410,1440,Unclassified,,,
2320127002,4/30/2016,4571,3.079999924,3.079999924,0,0,0,3.069999933,0,0,0,234,1206,1779,1440,Unclassified,,,
2320127002,5/1/2016,772,0.5199999809,0.5199999809,0,0,0,0.5199999809,0,0,0,40,1400,1403,1440,Unclassified,,,
2320127002,5/2/2016,3634,2.450000048,2.450000048,0,0.3600000143,0.2099999934,1.879999995,0,5,6,123,1306,1613,1440,Unclassified,,,
2320127002,5/3/2016,7443,5.019999981,5.019999981,0,1.49000001,0.3700000048,3.160000086,0,20,10,206,1204,1878,1440,Unclassified,,,
2320127002,5/4/2016,1201,0.8100000024,0.8100000024,0,0,0,0.8100000024,0,0,0,52,1388,1426,1440,Unclassified,,,
2320127002,5/5/2016,5202,3.50999999,3.50999999,0,0,0.3899999857,3.109999895,0,0,11,223,1206,1780,1440,Unclassified,,,
2320127002,5/6/2016,4878,3.289999962,3.289999962,0,0,0,3.289999962,0,0,0,204,1236,1742,1440,Unclassified,,,
2320127002,5/7/2016,7379,4.96999979,4.96999979,0,0,0,4.96999979,0,0,0,319,1121,1972,1440,Unclassified,,,
2320127002,5/8/2016,5161,3.480000019,3.480000019,0,0,0,3.470000029,0,0,0,247,1193,1821,1440,Unclassified,,,
2320127002,5/9/2016,3090,2.079999924,2.079999924,0,0,0,2.079999924,0,0,0,145,1295,1630,1440,Unclassified,,,
2320127002,5/10/2016,6227,4.199999809,4.199999809,0,0,0,4.199999809,0,0,0,290,1150,1899,1440,Unclassified,,,
2320127002,5/11/2016,6424,4.329999924,4.329999924,0,0,0,4.329999924,0,0,0,300,1140,1903,1440,Unclassified,,,
2320127002,5/12/2016,2661,1.789999962,1.789999962,0,0,0,1.789999962,0,0,0,128,830,1125,958,Unclassified,,,
2347167796,3/29/2016,10272,6.789999962,6.789999962,0,0.1599999964,3.119999886,3.5,0,2,58,208,700,2041,968,NormalSleep,,,
2347167796,3/30/2016,10533,7.099999905,7.099999905,0,1.769999981,2.059999943,3.269999981,0,21,35,255,615,2187,926,NormalSleep,,,
2347167796,3/31/2016,6760,4.46999979,4.46999979,0,0,0,4.46999979,0,0,0,250,613,1929,863,NormalSleep,,,
2347167796,4/1/2016,8328,5.510000229,5.510000229,0,0,2,3.5,0,0,33,212,804,1935,1049,NormalSleep,,,
2347167796,4/2/2016,15459,10.22000027,10.22000027,0,3.589999914,0.8100000024,5.820000172,0,51,16,327,583,2438,977,NormalSleep,,,
2347167796,4/3/2016,7485,4.949999809,4.949999809,0,0,0,4.949999809,0,0,0,324,491,2035,815,NormalSleep,,,
2347167796,4/4/2016,10254,6.800000191,6.800000191,0,1.419999957,1.230000019,4.159999847,0,21,25,231,638,2099,915,NormalSleep,,,
2347167796,4/5/2016,10114,6.820000172,6.820000172,0,1.639999986,0.4799999893,4.679999828,0,18,9,269,696,2096,992,NormalSleep,,,
2347167796,4/6/2016,11107,7.340000153,7.340000153,0,0.8999999762,2.75999999,3.680000067,0,14,46,196,759,2058,1015,NormalSleep,,,
2347167796,4/7/2016,10320,6.849999905,6.849999905,0,0.6800000072,1.230000019,4.940000057,0,15,32,315,1002,2338,1364,NormalSleep,,,
2347167796,4/8/2016,10209,6.75,6.75,0,0.1599999964,0.349999994,6.230000019,0,2,6,316,711,2104,1035,NormalSleep,,,
2347167796,4/9/2016,16081,10.63000011,10.63000011,0,1.25,1.820000052,7.559999943,0,16,32,401,970,2488,1419,NormalSleep,,,
2347167796,4/10/2016,10078,6.829999924,6.829999924,0,1.019999981,0.1199999973,5.690000057,0,12,3,303,463,2164,781,NormalSleep,,,
2347167796,4/11/2016,10001,6.610000134,6.610000134,0,0.3300000131,2.930000067,3.359999895,0,5,52,196,788,2009,1041,NormalSleep,,,
2347167796,4/12/2016,10113,6.829999924,6.829999924,0,2,0.6200000048,4.199999809,0,28,13,320,964,2344,1325,NormalSleep,,,
2347167796,4/13/2016,10352,7.010000229,7.010000229,0,1.659999967,1.940000057,3.410000086,0,19,32,195,676,2038,922,NormalSleep,,,
2347167796,4/14/2016,10129,6.699999809,6.699999809,0,0.01999999955,2.74000001,3.940000057,0,1,48,206,705,2010,960,NormalSleep,,,
2347167796,4/15/2016,10465,6.920000076,6.920000076,0,0.0700000003,1.419999957,5.429999828,0,1,24,284,720,2133,1029,NormalSleep,,,
2347167796,4/16/2016,22244,15.07999992,15.07999992,0,5.449999809,4.099999905,5.53000021,0,66,72,268,968,2670,1374,NormalSleep,,,
2347167796,4/17/2016,5472,3.619999886,3.619999886,0,0.07999999821,0.2800000012,3.25999999,0,1,7,249,508,1882,765,NormalSleep,,,
2347167796,4/18/2016,8247,5.449999809,5.449999809,0,0.7900000215,0.8600000143,3.789999962,0,11,16,206,678,1944,911,NormalSleep,,,
2347167796,4/19/2016,6711,4.440000057,4.440000057,0,0,0,4.440000057,0,0,7,382,648,2346,1037,NormalSleep,,,
2347167796,4/20/2016,10999,7.269999981,7.269999981,0,0.6800000072,1.809999943,4.78000021,0,11,43,269,1011,2198,1334,NormalSleep,,,
2347167796,4/21/2016,10080,6.75,6.75,0,1.850000024,1.529999971,3.380000114,0,23,26,208,761,2048,1018,NormalSleep,,,
2347167796,4/22/2016,7804,5.159999847,5.159999847,0,0.5600000024,1.679999948,2.920000076,0,9,27,206,781,1946,1023,NormalSleep,,,
2347167796,4/23/2016,16901,11.36999989,11.36999989,0,2.779999971,1.450000048,7.150000095,0,32,35,360,591,2629,1018,NormalSleep,,,
2347167796,4/24/2016,9471,6.260000229,6.260000229,0,0,0,6.260000229,0,0,0,360,584,2187,944,NormalSleep,,,
2347167796,4/25/2016,9482,6.380000114,6.380000114,0,1.269999981,0.5199999809,4.599999905,0,15,11,277,653,2095,956,NormalSleep,,,
2347167796,4/26/2016,5980,3.950000048,3.950000048,0,0,0,3.950000048,0,0,0,227,732,1861,959,NormalSleep,,,
2347167796,4/27/2016,11423,7.579999924,7.579999924,0,1.860000014,0.400000006,5.320000172,0,26,9,295,623,2194,953,NormalSleep,,,
2347167796,4/28/2016,5439,3.599999905,3.599999905,0,0,0,3.599999905,0,0,0,229,764,1854,993,NormalSleep,,,
2347167796,4/29/2016,42,0.02999999933,0.02999999933,0,0,0,0.02999999933,0,0,0,4,2,403,6,NormalSleep,,,
2873212765,4/1/2016,890,0.6000000238,0.6000000238,0,0,0,0.6000000238,0,0,0,41,1399,1335,1440,Unclassified,,,
2873212765,4/2/2016,2214,1.49000001,1.49000001,0,0,0,1.49000001,0,0,0,197,1243,1559,1440,Unclassified,,,
2873212765,4/3/2016,7640,5.130000114,5.130000114,0,0.1899999976,0.8000000119,4.150000095,0,3,15,315,1107,1845,1440,Unclassified,,,
2873212765,4/4/2016,9713,6.53000021,6.53000021,0,0.3400000036,0.8899999857,5.289999962,0,6,24,355,1055,2046,1440,Unclassified,,,
2873212765,4/5/2016,8432,5.670000076,5.670000076,0,0,0,5.650000095,0.009999999776,0,0,374,1066,1953,1440,Unclassified,,,
2873212765,4/6/2016,7350,4.940000057,4.940000057,0,0,0,4.940000057,0,0,0,382,1058,1910,1440,Unclassified,,,
2873212765,4/7/2016,9353,6.309999943,6.309999943,0,0.3700000048,0.6899999976,5.239999771,0,5,17,363,1055,2035,1440,Unclassified,,,
2873212765,4/8/2016,7157,4.809999943,4.809999943,0,0,0,4.809999943,0,0,0,380,1060,1944,1440,Unclassified,,,
2873212765,4/9/2016,14103,9.56000042,9.56000042,0,3.019999981,0.4099999964,6.139999866,0.009999999776,46,8,288,1098,2257,1440,Unclassified,,,
2873212765,4/10/2016,5290,3.549999952,3.549999952,0,0.03999999911,0.3400000036,3.170000076,0,1,8,251,1180,1724,1440,Unclassified,,,
2873212765,4/11/2016,7497,5.039999962,5.039999962,0,0,0,5.039999962,0,0,0,357,882,1741,1239,Unclassified,,,
2873212765,4/12/2016,8796,5.909999847,5.909999847,0,0.1099999994,0.9300000072,4.880000114,0,2,21,356,1061,1982,1440,Unclassified,,,
2873212765,4/13/2016,7618,5.119999886,5.119999886,0,0,0.2199999988,4.880000114,0.01999999955,0,8,404,1028,2004,1440,Unclassified,,,
2873212765,4/14/2016,7910,5.320000172,5.320000172,0,0,0,5.320000172,0,0,0,331,1109,1893,1440,Unclassified,,,
2873212765,4/15/2016,8482,5.699999809,5.699999809,0,0,0,5.690000057,0.009999999776,0,0,448,992,2063,1440,Unclassified,,,
2873212765,4/16/2016,9685,6.650000095,6.650000095,0,3.109999895,0.01999999955,3.50999999,0.009999999776,47,1,305,1087,2148,1440,Unclassified,,,
2873212765,4/17/2016,2524,1.700000048,1.700000048,0,0,0.349999994,1.340000033,0,0,8,160,1272,1529,1440,Unclassified,,,
2873212765,4/18/2016,7762,5.239999771,5.239999771,0,0.0700000003,0.2800000012,4.889999866,0,1,6,311,1122,1890,1440,Unclassified,,,
2873212765,4/19/2016,7948,5.369999886,5.369999886,0,0,0,5.360000134,0,0,0,389,1051,1956,1440,Unclassified,,,
2873212765,4/20/2016,9202,6.300000191,6.300000191,0,1.50999999,0.1199999973,4.659999847,0.009999999776,22,5,378,1035,2094,1440,Unclassified,,,
2873212765,4/21/2016,8859,5.980000019,5.980000019,0,0.1299999952,0.3700000048,5.46999979,0.009999999776,2,10,371,1057,1970,1440,Unclassified,,,
2873212765,4/22/2016,7286,4.900000095,4.900000095,0,0.4600000083,0,4.420000076,0.01999999955,46,0,366,1028,2241,1440,Unclassified,,,
2873212765,4/23/2016,9317,6.349999905,6.349999905,0,2.089999914,0.2300000042,4.019999981,0.009999999776,28,5,330,1077,2021,1440,Unclassified,,,
2873212765,4/24/2016,6873,4.679999828,4.679999828,0,3,0.05999999866,1.620000005,0,46,1,190,1203,1898,1440,Unclassified,,,
2873212765,4/25/2016,7373,4.949999809,4.949999809,0,0,0,4.949999809,0,0,0,359,1081,1907,1440,Unclassified,,,
2873212765,4/26/2016,8242,5.539999962,5.539999962,0,0.1199999973,0.1800000072,5.239999771,0,2,5,309,1124,1882,1440,Unclassified,,,
2873212765,4/27/2016,3516,2.359999895,2.359999895,0,0,0,2.359999895,0,46,0,197,1197,1966,1440,Unclassified,,,
2873212765,4/28/2016,7913,5.409999847,5.409999847,0,2.160000086,0.3400000036,2.910000086,0,28,7,213,1192,1835,1440,Unclassified,,,
2873212765,4/29/2016,7365,4.949999809,4.949999809,0,1.360000014,1.409999967,2.180000067,0,20,23,206,1191,1780,1440,Unclassified,,,
2873212765,4/30/2016,8452,5.679999828,5.679999828,0,0.3300000131,1.080000043,4.260000229,0.009999999776,5,20,248,1167,1830,1440,Unclassified,,,
2873212765,5/1/2016,7399,4.96999979,4.96999979,0,0.4900000095,1.039999962,3.440000057,0,7,18,196,1219,1739,1440,Unclassified,,,
2873212765,5/2/2016,7525,5.059999943,5.059999943,0,0,0.2099999934,4.829999924,0.01999999955,0,7,334,1099,1878,1440,Unclassified,,,
2873212765,5/3/2016,7412,4.980000019,4.980000019,0,0.05999999866,0.25,4.659999847,0.009999999776,1,6,363,1070,1906,1440,Unclassified,,,
2873212765,5/4/2016,8278,5.559999943,5.559999943,0,0,0,5.559999943,0,0,0,420,1020,2015,1440,Unclassified,,,
2873212765,5/5/2016,8314,5.610000134,5.610000134,0,0.7799999714,0.8000000119,4.03000021,0,13,23,311,1093,1971,1440,Unclassified,,,
2873212765,5/6/2016,7063,4.75,4.75,0,0,0.1199999973,4.610000134,0.009999999776,0,5,370,1065,1910,1440,Unclassified,,,
2873212765,5/7/2016,4940,3.380000114,3.380000114,0,2.279999971,0.5500000119,0.5500000119,0,75,11,52,1302,1897,1440,Unclassified,,,
2873212765,5/8/2016,8168,5.539999962,5.539999962,0,2.900000095,0,2.640000105,0,46,0,326,1068,2096,1440,Unclassified,,,
2873212765,5/9/2016,7726,5.190000057,5.190000057,0,0,0,5.190000057,0,0,0,345,1095,1906,1440,Unclassified,,,
2873212765,5/10/2016,8275,5.559999943,5.559999943,0,0,0,5.550000191,0.009999999776,0,0,373,1067,1962,1440,Unclassified,,,
2873212765,5/11/2016,6440,4.329999924,4.329999924,0,0,0,4.320000172,0.009999999776,0,0,319,1121,1826,1440,Unclassified,,,
2873212765,5/12/2016,7566,5.110000134,5.110000134,0,0,0,5.110000134,0,0,0,268,720,1431,988,Unclassified,,,
2891001357,3/29/2016,0,0,0,0,0,0,0,0,0,0,0,1440,1920,1440,Unclassified,,,
2891001357,3/30/2016,0,0,0,0,0,0,0,0,0,0,0,1440,1920,1440,Unclassified,,,
2891001357,3/31/2016,0,0,0,0,0,0,0,0,0,0,0,1440,1920,1440,Unclassified,,,
2891001357,4/1/2016,0,0,0,4.828032017,0,0,0,0,0,660,0,780,4562,1440,Unclassified,,,
2891001357,4/2/2016,4126,3.220000029,0,3.218688011,0,0,3.220000029,0,0,0,720,720,2881,1440,Unclassified,,,
2891001357,4/3/2016,0,0,0,0,0,0,0,0,0,0,0,1440,1920,1440,Unclassified,,,
2891001357,4/4/2016,0,0,0,0,0,0,0,0,0,0,0,1440,1920,1440,Unclassified,,,
2891001357,4/5/2016,2063,1.610000014,0,1.609344006,0,0,1.610000014,0,0,0,630,99,1144,729,Unclassified,,,
3372868164,4/1/2016,5785,3.950000048,3.950000048,0,0,0,3.910000086,0.03999999911,0,0,311,1129,1852,1440,Unclassified,,,
3372868164,4/2/2016,7625,5.230000019,5.230000019,0,1.679999948,0.03999999911,3.5,0.009999999776,24,1,341,1074,2069,1440,Unclassified,,,
3372868164,4/3/2016,4706,3.210000038,3.210000038,0,0,0,3.210000038,0,0,0,299,1141,1816,1440,Unclassified,,,
3372868164,4/4/2016,5861,4.019999981,4.019999981,0,1.299999952,0.2199999988,2.49000001,0.009999999776,20,7,233,1180,1878,1440,Unclassified,,,
3372868164,4/5/2016,4460,3.039999962,3.039999962,0,0,0,3.019999981,0.02999999933,0,0,248,1192,1787,1440,Unclassified,,,
3372868164,4/6/2016,6406,4.389999866,4.389999866,0,0.7799999714,0.09000000358,3.519999981,0.009999999776,17,4,325,1094,2010,1440,Unclassified,,,
3372868164,4/7/2016,7392,5.099999905,5.099999905,0,0.8700000048,0.1599999964,4.050000191,0.01999999955,14,9,332,1085,2038,1440,Unclassified,,,
3372868164,4/8/2016,5551,3.789999962,3.789999962,0,0,0,3.769999981,0.009999999776,0,0,282,1158,1815,1440,Unclassified,,,
3372868164,4/9/2016,8827,6.25,6.25,0,1.769999981,0.4799999893,4,0.009999999776,21,10,346,1063,2062,1440,Unclassified,,,
3372868164,4/10/2016,4662,3.180000067,3.180000067,0,1.039999962,0.150000006,1.99000001,0,22,4,152,735,1276,913,Unclassified,,,
3372868164,4/12/2016,4747,3.24000001,3.24000001,0,0,0,3.230000019,0.009999999776,0,0,280,1160,1788,1440,Unclassified,,,
3372868164,4/13/2016,9715,6.630000114,6.630000114,0,0.9900000095,0.3400000036,5.269999981,0.01999999955,16,8,371,1045,2093,1440,Unclassified,,,
3372868164,4/14/2016,8844,6.03000021,6.03000021,0,0.3400000036,1.029999971,4.650000095,0.009999999776,6,25,370,1039,2065,1440,Unclassified,,,
3372868164,4/15/2016,7451,5.079999924,5.079999924,0,0,0,5.059999943,0.01999999955,0,0,335,1105,1908,1440,Unclassified,,,
3372868164,4/16/2016,6905,4.730000019,4.730000019,0,0,0,4.699999809,0.02999999933,0,0,356,1084,1908,1440,Unclassified,,,
3372868164,4/17/2016,8199,5.880000114,5.880000114,0,1.409999967,0.1000000015,4.360000134,0.009999999776,11,2,322,1105,1964,1440,Unclassified,,,
3372868164,4/18/2016,6798,4.639999866,4.639999866,0,1.080000043,0.200000003,3.349999905,0,20,7,343,1070,2014,1440,Unclassified,,,
3372868164,4/19/2016,7711,5.260000229,5.260000229,0,0,0,5.239999771,0.01999999955,0,0,376,1064,1985,1440,Unclassified,,,
3372868164,4/20/2016,4880,3.329999924,3.329999924,0,0.8399999738,0.09000000358,2.380000114,0.01999999955,15,3,274,1148,1867,1440,Unclassified,,,
3372868164,4/21/2016,8857,6.070000172,6.070000172,0,1.149999976,0.2599999905,4.639999866,0.009999999776,18,9,376,1037,2124,1440,Unclassified,,,
3372868164,4/22/2016,3843,2.619999886,2.619999886,0,0,0,2.609999895,0.009999999776,0,0,206,1234,1669,1440,Unclassified,,,
3372868164,4/23/2016,7396,5.070000172,5.070000172,0,1.399999976,0.07999999821,3.579999924,0,20,2,303,1115,1995,1440,Unclassified,,,
3372868164,4/24/2016,6731,4.590000153,4.590000153,0,0.8899999857,0.1899999976,3.49000001,0.01999999955,14,7,292,1127,1921,1440,Unclassified,,,
3372868164,4/25/2016,5995,4.090000153,4.090000153,0,0,0,4.090000153,0,0,0,416,1024,2010,1440,Unclassified,,,
3372868164,4/26/2016,8283,5.789999962,5.789999962,0,1.850000024,0.05000000075,3.869999886,0.009999999776,22,2,333,1083,2057,1440,Unclassified,,,
3372868164,4/27/2016,7904,5.420000076,5.420000076,0,1.580000043,0.6299999952,3.190000057,0.009999999776,24,13,346,1057,2095,1440,Unclassified,,,
3372868164,4/28/2016,5512,3.75999999,3.75999999,0,0,0,3.75999999,0,0,0,385,1055,1972,1440,Unclassified,,,
3372868164,4/29/2016,9135,6.230000019,6.230000019,0,0,0,6.21999979,0.009999999776,0,0,402,1038,2044,1440,Unclassified,,,
3372868164,4/30/2016,5250,3.579999924,3.579999924,0,1.059999943,0.09000000358,2.420000076,0.009999999776,17,4,300,1119,1946,1440,Unclassified,,,
3372868164,5/1/2016,3077,2.099999905,2.099999905,0,0,0,2.089999914,0,0,0,172,842,1237,1014,Unclassified,,,
3977333714,4/1/2016,4499,3.00999999,3.00999999,0,0,0,3.00999999,0,0,0,168,842,1288,1010,Sleepless,,,
3977333714,4/2/2016,7618,5.099999905,5.099999905,0,0,0.1800000072,4.909999847,0,0,6,302,842,1490,1150,Sleepless,,,
3977333714,4/3/2016,11508,7.699999809,7.699999809,0,2.170000076,0.8399999738,4.690000057,0,29,22,282,748,1630,1081,Sleepless,,,
3977333714,4/4/2016,11943,7.989999771,7.989999771,0,1.029999971,2.00999999,4.949999809,0,16,43,297,710,1648,1066,Sleepless,,,
3977333714,4/5/2016,12303,8.229999542,8.229999542,0,1.710000038,1.350000024,5.170000076,0,26,32,291,605,1649,954,Sleepless,,,
3977333714,4/6/2016,15425,10.31999969,10.31999969,0,1.620000005,1.820000052,6.869999886,0,24,45,331,614,1783,1014,Sleepless,,,
3977333714,4/7/2016,8422,5.630000114,5.630000114,0,0,3.599999905,2.039999962,0,0,81,139,815,1431,1035,Sleepless,,,
3977333714,4/8/2016,10226,6.840000153,6.840000153,0,0,4.440000057,2.400000095,0,0,101,174,685,1524,960,Sleepless,,,
3977333714,4/9/2016,14583,9.760000229,9.760000229,0,2.480000019,1.74000001,5.53000021,0,35,36,254,697,1697,1022,Sleepless,,,
3977333714,4/10/2016,3573,2.390000105,2.390000105,0,0.9399999976,0.4099999964,0.9700000286,0,15,8,99,866,1232,988,Sleepless,,,
3977333714,4/11/2016,3108,2.140000105,2.140000105,0,0.0700000003,0.03999999911,1.960000038,0,1,1,129,894,1223,1025,Sleepless,,,
3977333714,4/12/2016,8856,5.980000019,5.980000019,0,3.059999943,0.9100000262,2.00999999,0,44,19,131,777,1450,971,Sleepless,,,
3977333714,4/13/2016,10035,6.710000038,6.710000038,0,2.029999971,2.130000114,2.549999952,0,31,46,153,754,1495,984,Sleepless,,,
3977333714,4/14/2016,7641,5.110000134,5.110000134,0,0.3199999928,0.9700000286,3.819999933,0,5,23,214,801,1433,1043,Sleepless,,,
3977333714,4/15/2016,9010,6.059999943,6.059999943,0,1.049999952,1.75,3.25999999,0,15,42,183,644,1468,884,Sleepless,,,
3977333714,4/16/2016,13459,9,9,0,2.029999971,4,2.970000029,0,31,83,153,663,1625,930,Sleepless,,,
3977333714,4/17/2016,10415,6.96999979,6.96999979,0,0.6999999881,2.349999905,3.920000076,0,11,58,205,600,1529,874,Sleepless,,,
3977333714,4/18/2016,11663,7.800000191,7.800000191,0,0.25,3.730000019,3.819999933,0,4,95,214,605,1584,918,Sleepless,,,
3977333714,4/19/2016,12414,8.779999733,8.779999733,0,2.24000001,2.450000048,3.960000038,0,19,67,221,738,1638,1045,Sleepless,,,
3977333714,4/20/2016,11658,7.829999924,7.829999924,0,0.200000003,4.349999905,3.279999971,0,2,98,164,845,1554,1109,Sleepless,,,
3977333714,4/21/2016,6093,4.079999924,4.079999924,0,0,0,4.059999943,0,0,0,242,712,1397,954,Sleepless,,,
3977333714,4/22/2016,8911,5.960000038,5.960000038,0,2.329999924,0.5799999833,3.059999943,0,33,12,188,731,1481,964,Sleepless,,,
3977333714,4/23/2016,12058,8.069999695,8.069999695,0,0,4.21999979,3.849999905,0,0,92,252,724,1638,1068,Sleepless,,,
3977333714,4/24/2016,14112,10,10,0,3.269999981,4.559999943,2.170000076,0,30,95,129,660,1655,914,Sleepless,,,
3977333714,4/25/2016,11177,8.479999542,8.479999542,0,5.619999886,0.4300000072,2.410000086,0,50,9,133,781,1570,973,Sleepless,,,
3977333714,4/26/2016,11388,7.619999886,7.619999886,0,0.4499999881,4.21999979,2.950000048,0,7,95,170,797,1551,1069,Sleepless,,,
3977333714,4/27/2016,7193,5.039999962,5.039999962,0,0,0.4199999869,4.619999886,0,0,10,176,714,1377,900,Sleepless,,,
3977333714,4/28/2016,7114,4.880000114,4.880000114,0,1.370000005,0.2899999917,3.220000029,0,15,8,190,804,1407,1017,Sleepless,,,
3977333714,4/29/2016,10645,7.75,7.75,0,3.74000001,1.299999952,2.710000038,0,36,32,150,744,1545,962,Sleepless,,,
3977333714,4/30/2016,13238,9.199999809,9.199999809,0,3.690000057,2.099999905,3.410000086,0,43,52,194,687,1650,976,Sleepless,,,
3977333714,5/1/2016,10414,7.070000172,7.070000172,0,2.670000076,1.980000019,2.410000086,0,41,40,124,691,1501,896,Sleepless,,,
3977333714,5/2/2016,16520,11.05000019,11.05000019,0,1.539999962,6.480000019,3.019999981,0,24,143,176,713,1760,1056,Sleepless,,,
3977333714,5/3/2016,14335,9.590000153,9.590000153,0,3.319999933,1.74000001,4.53000021,0,47,41,258,594,1710,940,Sleepless,,,
3977333714,5/4/2016,13559,9.43999958,9.43999958,0,1.809999943,4.579999924,2.890000105,0,14,96,142,852,1628,1104,Sleepless,,,
3977333714,5/5/2016,12312,8.579999924,8.579999924,0,1.75999999,4.110000134,2.710000038,0,14,88,178,680,1618,960,Sleepless,,,
3977333714,5/6/2016,11677,8.279999733,8.279999733,0,3.109999895,2.50999999,2.670000076,0,29,55,168,676,1590,928,Sleepless,,,
3977333714,5/7/2016,11550,7.730000019,7.730000019,0,0,4.130000114,3.589999914,0,0,86,208,703,1574,997,Sleepless,,,
3977333714,5/8/2016,13585,9.090000153,9.090000153,0,0.6800000072,5.239999771,3.170000076,0,9,116,171,688,1633,984,Sleepless,,,
3977333714,5/9/2016,14687,10.07999992,10.07999992,0,0.7699999809,5.599999905,3.549999952,0,8,122,151,1159,1667,1440,Sleepless,,,
3977333714,5/10/2016,13072,8.779999733,8.779999733,0,0.0700000003,5.400000095,3.309999943,0,1,115,196,676,1630,988,Sleepless,,,